Day,Treatment,F.Model,R2,p.value,p.adjusted,p.adjusted2
4,INFfeed,0.95555795,0.106699991,0.455,0.546,NA
4,INFinject,0.986682715,0.082314911,0.351,0.5265,NA
7,INFfeed,1.783061529,0.090130717,0.028,0.06,NA
7,INFinject,2.20789417,0.109258993,0.002,0.012,0.012