Day,Treatment,F.Model,R2,p.value,p.adjusted,p.adjusted2
7,INFfeed,1.151,0.103,0.263,0.567,NA
7,INFinject,0.881,0.047,0.51,0.57375,NA
11,INFfeed,0.956,0.107,0.472,0.57375,NA
11,INFinject,0.987,0.082,0.348,0.567,NA
14,INFfeed,1.783,0.090,0.028,0.084,NA
14,INFinject,2.208,0.109,0.005,0.045,0.045